label,precision,recall,f1,support,error_rate
requests_or_urgent_needs,0.391304347826087,0.6428571428571429,0.4864864864864865,14,0.6785714285714286
rescue_volunteering_or_donation_effort,0.9452991452991453,0.8468606431852986,0.8933764135702746,653,0.1927007299270073
caution_and_advice,0.49411764705882355,0.5675675675675675,0.5283018867924529,74,0.6410256410256411
displaced_people_and_evacuations,0.8656716417910447,0.8721804511278195,0.8689138576779025,266,0.23178807947019867
missing_or_found_people,0.0,0.0,0.0,0,1.0
infrastructure_and_utility_damage,0.6422764227642277,0.8977272727272727,0.7488151658767773,176,0.4015151515151515
sympathy_and_support,0.7019867549668874,0.9380530973451328,0.8030303030303031,113,0.3291139240506329
other_relevant_information,0.5462184873949579,0.2981651376146789,0.3857566765578635,218,0.7610294117647058
not_humanitarian,0.3595505617977528,0.5818181818181818,0.4444444444444444,55,0.7142857142857143
