class_label,caution_and_advice,displaced_people_and_evacuations,infrastructure_and_utility_damage,missing_or_found_people,requests_or_urgent_needs,rescue_volunteering_or_donation_effort,sympathy_and_support,other_relevant_information,not_humanitarian
caution_and_advice,0.581081081081081,0.06756756756756757,0.16216216216216217,0.0,0.0,0.013513513513513514,0.0,0.14864864864864866,0.02702702702702703
displaced_people_and_evacuations,0.041353383458646614,0.9172932330827067,0.0037593984962406013,0.0037593984962406013,0.0037593984962406013,0.018796992481203006,0.007518796992481203,0.0037593984962406013,0.0
infrastructure_and_utility_damage,0.0,0.022727272727272728,0.8977272727272727,0.0,0.0,0.011363636363636364,0.017045454545454544,0.022727272727272728,0.028409090909090908
missing_or_found_people,0.0,0.0,0.0,0.0,0.0,0.0,0.0,0.0,0.0
requests_or_urgent_needs,0.0,0.0,0.0,0.0,0.6428571428571429,0.14285714285714285,0.07142857142857142,0.0,0.14285714285714285
rescue_volunteering_or_donation_effort,0.006125574272588055,0.03522205206738132,0.018376722817764167,0.0,0.013782542113323124,0.8422664624808576,0.019908116385911178,0.036753445635528334,0.027565084226646247
sympathy_and_support,0.017699115044247787,0.017699115044247787,0.0,0.0,0.0,0.035398230088495575,0.9292035398230089,0.0,0.0
other_relevant_information,0.12385321100917432,0.03211009174311927,0.21559633027522937,0.0045871559633027525,0.013761467889908258,0.06880733944954129,0.06880733944954129,0.3165137614678899,0.1559633027522936
not_humanitarian,0.05454545454545454,0.07272727272727272,0.03636363636363636,0.0,0.01818181818181818,0.0,0.05454545454545454,0.12727272727272726,0.6363636363636364
