label,precision,recall,f1,support,error_rate
caution_and_advice,0.4777777777777778,0.581081081081081,0.524390243902439,74,0.6446280991735537
displaced_people_and_evacuations,0.8442906574394463,0.9172932330827067,0.8792792792792793,266,0.21543408360128619
infrastructure_and_utility_damage,0.6810344827586207,0.8977272727272727,0.7745098039215684,176,0.368
missing_or_found_people,0.0,0.0,0.0,0,1.0
requests_or_urgent_needs,0.391304347826087,0.6428571428571429,0.4864864864864865,14,0.6785714285714286
rescue_volunteering_or_donation_effort,0.9499136442141624,0.8422664624808576,0.8928571428571428,653,0.1935483870967742
sympathy_and_support,0.7394366197183099,0.9292035398230089,0.8235294117647058,113,0.3
other_relevant_information,0.5948275862068966,0.3165137614678899,0.41317365269461076,218,0.7396226415094339
not_humanitarian,0.3645833333333333,0.6363636363636364,0.46357615894039733,55,0.6982758620689655
