class_label,caution_and_advice,displaced_people_and_evacuations,infrastructure_and_utility_damage,injured_or_dead_people,requests_or_urgent_needs,rescue_volunteering_or_donation_effort,sympathy_and_support,other_relevant_information,not_humanitarian
caution_and_advice,0.7661795407098121,0.028183716075156576,0.08559498956158663,0.0041753653444676405,0.014613778705636743,0.009394572025052192,0.006263048016701462,0.061586638830897704,0.024008350730688934
displaced_people_and_evacuations,0.1711229946524064,0.8128342245989305,0.0017825311942959,0.0,0.0,0.0053475935828877,0.0,0.0035650623885918,0.0053475935828877
infrastructure_and_utility_damage,0.1243432574430823,0.0035026269702276708,0.6795096322241682,0.0035026269702276708,0.005253940455341506,0.0017513134851138354,0.06654991243432574,0.008756567425569177,0.10683012259194395
injured_or_dead_people,0.047619047619047616,0.0,0.14285714285714285,0.6190476190476191,0.0,0.0,0.07142857142857142,0.0,0.11904761904761904
requests_or_urgent_needs,0.304,0.072,0.016,0.0,0.32,0.104,0.04,0.08,0.064
rescue_volunteering_or_donation_effort,0.04486251808972504,0.053545586107091175,0.017366136034732273,0.001447178002894356,0.0361794500723589,0.7424023154848046,0.017366136034732273,0.056439942112879886,0.030390738060781478
sympathy_and_support,0.07651715039577836,0.0079155672823219,0.0079155672823219,0.0,0.021108179419525065,0.05804749340369393,0.8087071240105541,0.0013192612137203166,0.018469656992084433
other_relevant_information,0.39762611275964393,0.05539070227497527,0.12561819980217606,0.004945598417408506,0.026706231454005934,0.032640949554896145,0.04154302670623145,0.10286844708209693,0.21266073194856577
not_humanitarian,0.08660130718954248,0.013071895424836602,0.0915032679738562,0.016339869281045753,0.016339869281045753,0.004901960784313725,0.06535947712418301,0.021241830065359478,0.684640522875817
