class_label,caution_and_advice,displaced_people_and_evacuations,infrastructure_and_utility_damage,missing_or_found_people,requests_or_urgent_needs,rescue_volunteering_or_donation_effort,sympathy_and_support,other_relevant_information,not_humanitarian
caution_and_advice,0.581081081081081,0.08108108108108109,0.16216216216216217,0.0,0.0,0.013513513513513514,0.0,0.13513513513513514,0.02702702702702703
displaced_people_and_evacuations,0.041353383458646614,0.9135338345864662,0.0037593984962406013,0.0037593984962406013,0.007518796992481203,0.018796992481203006,0.007518796992481203,0.0037593984962406013,0.0
infrastructure_and_utility_damage,0.005681818181818182,0.017045454545454544,0.8920454545454546,0.0,0.0,0.005681818181818182,0.017045454545454544,0.03409090909090909,0.028409090909090908
missing_or_found_people,0.0,0.0,0.0,0.0,0.0,0.0,0.0,0.0,0.0
requests_or_urgent_needs,0.0,0.0,0.0,0.0,0.6428571428571429,0.14285714285714285,0.07142857142857142,0.0,0.14285714285714285
rescue_volunteering_or_donation_effort,0.004594180704441042,0.03522205206738132,0.018376722817764167,0.0,0.01225114854517611,0.8422664624808576,0.018376722817764167,0.0444104134762634,0.02450229709035222
sympathy_and_support,0.017699115044247787,0.017699115044247787,0.0,0.0,0.0,0.035398230088495575,0.9292035398230089,0.0,0.0
other_relevant_information,0.12844036697247707,0.03669724770642202,0.2018348623853211,0.0045871559633027525,0.013761467889908258,0.06422018348623854,0.06880733944954129,0.3211009174311927,0.16055045871559634
not_humanitarian,0.01818181818181818,0.09090909090909091,0.03636363636363636,0.0,0.01818181818181818,0.0,0.03636363636363636,0.14545454545454545,0.6545454545454545
