label,precision,recall,f1,support,error_rate
caution_and_advice,0.48314606741573035,0.581081081081081,0.5276073619631902,74,0.6416666666666667
displaced_people_and_evacuations,0.8379310344827586,0.9135338345864662,0.8741007194244604,266,0.22364217252396165
infrastructure_and_utility_damage,0.6885964912280702,0.8920454545454546,0.7772277227722773,176,0.3643724696356275
missing_or_found_people,0.0,0.0,0.0,0,1.0
requests_or_urgent_needs,0.391304347826087,0.6428571428571429,0.4864864864864865,14,0.6785714285714286
rescue_volunteering_or_donation_effort,0.9532062391681109,0.8422664624808576,0.8943089430894309,653,0.19117647058823528
sympathy_and_support,0.75,0.9292035398230089,0.8300395256916997,113,0.2905405405405405
other_relevant_information,0.5645161290322581,0.3211009174311927,0.40935672514619886,218,0.7426470588235294
not_humanitarian,0.375,0.6545454545454545,0.4768211920529801,55,0.6869565217391305
