class_label,caution_and_advice,displaced_people_and_evacuations,infrastructure_and_utility_damage,missing_or_found_people,not_humanitarian,other_relevant_information,requests_or_urgent_needs,rescue_volunteering_or_donation_effort,sympathy_and_support
caution_and_advice,0.6081081081081081,0.04054054054054054,0.16216216216216217,0.0,0.02702702702702703,0.14864864864864866,0.0,0.013513513513513514,0.0
displaced_people_and_evacuations,0.03759398496240601,0.9022556390977443,0.007518796992481203,0.0037593984962406013,0.0,0.0037593984962406013,0.011278195488721804,0.022556390977443608,0.011278195488721804
infrastructure_and_utility_damage,0.0,0.017045454545454544,0.8863636363636364,0.0,0.03409090909090909,0.03409090909090909,0.005681818181818182,0.005681818181818182,0.017045454545454544
missing_or_found_people,0.0,0.0,0.0,0.0,0.0,0.0,0.0,0.0,0.0
not_humanitarian,0.05454545454545454,0.05454545454545454,0.03636363636363636,0.01818181818181818,0.6181818181818182,0.14545454545454545,0.01818181818181818,0.0,0.05454545454545454
other_relevant_information,0.10550458715596331,0.027522935779816515,0.2018348623853211,0.0045871559633027525,0.15137614678899083,0.3669724770642202,0.013761467889908258,0.05963302752293578,0.06880733944954129
requests_or_urgent_needs,0.0,0.0,0.0,0.0,0.14285714285714285,0.0,0.6428571428571429,0.14285714285714285,0.07142857142857142
rescue_volunteering_or_donation_effort,0.0030627871362940277,0.02909647779479326,0.015313935681470138,0.0,0.026033690658499236,0.04134762633996937,0.016845329249617153,0.8529862174578867,0.015313935681470138
sympathy_and_support,0.017699115044247787,0.017699115044247787,0.0,0.0,0.0,0.0,0.0,0.04424778761061947,0.9203539823008849
