label,precision,recall,f1,support,error_rate
caution_and_advice,0.5294117647058824,0.6081081081081081,0.5660377358490566,74,0.6052631578947368
displaced_people_and_evacuations,0.8695652173913043,0.9022556390977443,0.8856088560885609,266,0.2052980132450331
infrastructure_and_utility_damage,0.6902654867256637,0.8863636363636364,0.7761194029850745,176,0.36585365853658536
missing_or_found_people,0.0,0.0,0.0,0,1.0
not_humanitarian,0.3617021276595745,0.6181818181818182,0.4563758389261745,55,0.7043478260869566
other_relevant_information,0.6015037593984962,0.3669724770642202,0.45584045584045585,218,0.7047970479704797
requests_or_urgent_needs,0.32142857142857145,0.6428571428571429,0.4285714285714286,14,0.7272727272727273
rescue_volunteering_or_donation_effort,0.9521367521367521,0.8529862174578867,0.8998384491114702,653,0.18208516886930984
sympathy_and_support,0.7482014388489209,0.9203539823008849,0.8253968253968255,113,0.2972972972972973
