class_label,caution_and_advice,displaced_people_and_evacuations,infrastructure_and_utility_damage,missing_or_found_people,requests_or_urgent_needs,rescue_volunteering_or_donation_effort,sympathy_and_support,other_relevant_information,not_humanitarian
caution_and_advice,0.5675675675675675,0.06756756756756757,0.14864864864864866,0.0,0.0,0.013513513513513514,0.0,0.17567567567567569,0.02702702702702703
displaced_people_and_evacuations,0.041353383458646614,0.9172932330827067,0.007518796992481203,0.0037593984962406013,0.007518796992481203,0.011278195488721804,0.007518796992481203,0.0037593984962406013,0.0
infrastructure_and_utility_damage,0.0,0.022727272727272728,0.8920454545454546,0.0,0.0,0.011363636363636364,0.017045454545454544,0.017045454545454544,0.03977272727272727
missing_or_found_people,0.0,0.0,0.0,0.0,0.0,0.0,0.0,0.0,0.0
requests_or_urgent_needs,0.0,0.0,0.0,0.0,0.7142857142857143,0.07142857142857142,0.07142857142857142,0.0,0.14285714285714285
rescue_volunteering_or_donation_effort,0.007656967840735069,0.033690658499234305,0.015313935681470138,0.0015313935681470138,0.018376722817764167,0.8269525267993875,0.026033690658499236,0.03828483920367534,0.03215926493108729
sympathy_and_support,0.017699115044247787,0.017699115044247787,0.0,0.0,0.0,0.035398230088495575,0.9292035398230089,0.0,0.0
other_relevant_information,0.12385321100917432,0.03211009174311927,0.20642201834862386,0.0045871559633027525,0.01834862385321101,0.06880733944954129,0.06422018348623854,0.3073394495412844,0.1743119266055046
not_humanitarian,0.01818181818181818,0.07272727272727272,0.03636363636363636,0.0,0.01818181818181818,0.0,0.03636363636363636,0.09090909090909091,0.7272727272727273
