label,precision,recall,f1,support,error_rate
caution_and_advice,0.49427609427609426,0.7661795407098121,0.6009005321326237,958,0.5705090696313634
displaced_people_and_evacuations,0.7587354409317804,0.8128342245989305,0.7848537005163512,561,0.35410764872521244
infrastructure_and_utility_damage,0.5705882352941176,0.6795096322241682,0.6203037569944044,571,0.5504055619930475
injured_or_dead_people,0.5416666666666666,0.6190476190476191,0.5777777777777778,42,0.59375
requests_or_urgent_needs,0.2962962962962963,0.32,0.30769230769230765,125,0.8181818181818182
rescue_volunteering_or_donation_effort,0.8287560581583199,0.7424023154848046,0.7832061068702291,691,0.35633626097867
sympathy_and_support,0.8076416337285902,0.8087071240105541,0.8081740276862228,758,0.3219026548672566
other_relevant_information,0.44635193133047213,0.10286844708209693,0.16720257234726685,1011,0.9087719298245615
not_humanitarian,0.5448634590377113,0.684640522875817,0.6068066618392469,612,0.5644490644490644
