class_label,caution_and_advice,displaced_people_and_evacuations,infrastructure_and_utility_damage,missing_or_found_people,not_humanitarian,other_relevant_information,requests_or_urgent_needs,rescue_volunteering_or_donation_effort,sympathy_and_support
caution_and_advice,0.581081081081081,0.05405405405405406,0.16216216216216217,0.0,0.04054054054054054,0.14864864864864866,0.0,0.013513513513513514,0.0
displaced_people_and_evacuations,0.041353383458646614,0.9097744360902256,0.007518796992481203,0.0037593984962406013,0.0,0.0037593984962406013,0.007518796992481203,0.015037593984962405,0.011278195488721804
infrastructure_and_utility_damage,0.0,0.017045454545454544,0.8863636363636364,0.0,0.03977272727272727,0.03409090909090909,0.0,0.005681818181818182,0.017045454545454544
missing_or_found_people,0.0,0.0,0.0,0.0,0.0,0.0,0.0,0.0,0.0
not_humanitarian,0.03636363636363636,0.07272727272727272,0.01818181818181818,0.0,0.6727272727272727,0.14545454545454545,0.01818181818181818,0.0,0.03636363636363636
other_relevant_information,0.10091743119266056,0.027522935779816515,0.18807339449541285,0.0,0.19724770642201836,0.3486238532110092,0.009174311926605505,0.06422018348623854,0.06422018348623854
requests_or_urgent_needs,0.0,0.0,0.0,0.0,0.14285714285714285,0.0,0.6428571428571429,0.14285714285714285,0.07142857142857142
rescue_volunteering_or_donation_effort,0.0015313935681470138,0.027565084226646247,0.013782542113323124,0.0,0.03215926493108729,0.05053598774885146,0.016845329249617153,0.8468606431852986,0.010719754977029096
sympathy_and_support,0.017699115044247787,0.017699115044247787,0.0,0.0,0.0,0.0,0.0,0.04424778761061947,0.9203539823008849
