label,precision,recall,f1,support,error_rate
caution_and_advice,0.5308641975308642,0.581081081081081,0.5548387096774193,74,0.6160714285714286
displaced_people_and_evacuations,0.8673835125448028,0.9097744360902256,0.8880733944954129,266,0.20132013201320131
infrastructure_and_utility_damage,0.7058823529411765,0.8863636363636364,0.7858942065491185,176,0.35269709543568467
missing_or_found_people,0.0,0.0,0.0,0,1.0
not_humanitarian,0.3274336283185841,0.6727272727272727,0.44047619047619047,55,0.7175572519083969
other_relevant_information,0.562962962962963,0.3486238532110092,0.4305949008498584,218,0.7256317689530686
requests_or_urgent_needs,0.36,0.6428571428571429,0.4615384615384615,14,0.7
rescue_volunteering_or_donation_effort,0.9534482758620689,0.8468606431852986,0.8969991889699919,653,0.18676470588235294
sympathy_and_support,0.7761194029850746,0.9203539823008849,0.8421052631578947,113,0.2727272727272727
