class_label,caution_and_advice,displaced_people_and_evacuations,infrastructure_and_utility_damage,injured_or_dead_people,requests_or_urgent_needs,rescue_volunteering_or_donation_effort,sympathy_and_support,other_relevant_information,not_humanitarian
caution_and_advice,0.7797101449275362,0.011594202898550725,0.07246376811594203,0.002898550724637681,0.0,0.002898550724637681,0.005797101449275362,0.10434782608695652,0.020289855072463767
displaced_people_and_evacuations,0.08196721311475409,0.8852459016393442,0.01639344262295082,0.0,0.0,0.0,0.0,0.0,0.01639344262295082
infrastructure_and_utility_damage,0.022935779816513763,0.009174311926605505,0.9311926605504587,0.009174311926605505,0.0,0.0,0.0045871559633027525,0.0045871559633027525,0.01834862385321101
injured_or_dead_people,0.0,0.0,0.0273972602739726,0.958904109589041,0.0,0.0,0.0,0.0,0.0136986301369863
requests_or_urgent_needs,0.23529411764705882,0.0,0.058823529411764705,0.0,0.4117647058823529,0.11764705882352941,0.0,0.058823529411764705,0.11764705882352941
rescue_volunteering_or_donation_effort,0.027586206896551724,0.06896551724137931,0.07586206896551724,0.013793103448275862,0.027586206896551724,0.6,0.04827586206896552,0.12413793103448276,0.013793103448275862
sympathy_and_support,0.09933774834437085,0.0,0.016556291390728478,0.006622516556291391,0.006622516556291391,0.0033112582781456954,0.8576158940397351,0.006622516556291391,0.0033112582781456954
other_relevant_information,0.3119266055045872,0.0,0.23394495412844038,0.0045871559633027525,0.0045871559633027525,0.0045871559633027525,0.05504587155963303,0.26146788990825687,0.12385321100917432
not_humanitarian,0.2929936305732484,0.012738853503184714,0.1337579617834395,0.0,0.01910828025477707,0.012738853503184714,0.044585987261146494,0.09554140127388536,0.3885350318471338
