label,precision,recall,f1,support,error_rate
caution_and_advice,0.6241299303944315,0.7797101449275362,0.6932989690721649,345,0.46942800788954636
displaced_people_and_evacuations,0.75,0.8852459016393442,0.8120300751879699,61,0.31645569620253167
infrastructure_and_utility_damage,0.634375,0.9311926605504587,0.754646840148699,218,0.3940298507462687
injured_or_dead_people,0.8974358974358975,0.958904109589041,0.9271523178807948,73,0.13580246913580246
requests_or_urgent_needs,0.4117647058823529,0.4117647058823529,0.4117647058823529,17,0.7407407407407407
rescue_volunteering_or_donation_effort,0.925531914893617,0.6,0.7280334728033473,145,0.4276315789473684
sympathy_and_support,0.8993055555555556,0.8576158940397351,0.8779661016949153,302,0.2175226586102719
other_relevant_information,0.43846153846153846,0.26146788990825687,0.3275862068965517,218,0.8041237113402062
not_humanitarian,0.5754716981132075,0.3885350318471338,0.46387832699619774,157,0.698019801980198
