class_label,caution_and_advice,displaced_people_and_evacuations,infrastructure_and_utility_damage,missing_or_found_people,not_humanitarian,other_relevant_information,requests_or_urgent_needs,rescue_volunteering_or_donation_effort,sympathy_and_support
caution_and_advice,0.5945945945945946,0.05405405405405406,0.16216216216216217,0.0,0.05405405405405406,0.12162162162162163,0.0,0.013513513513513514,0.0
displaced_people_and_evacuations,0.03759398496240601,0.9097744360902256,0.007518796992481203,0.0037593984962406013,0.0,0.0037593984962406013,0.007518796992481203,0.022556390977443608,0.007518796992481203
infrastructure_and_utility_damage,0.0,0.017045454545454544,0.8920454545454546,0.0,0.045454545454545456,0.022727272727272728,0.0,0.005681818181818182,0.017045454545454544
missing_or_found_people,0.0,0.0,0.0,0.0,0.0,0.0,0.0,0.0,0.0
not_humanitarian,0.03636363636363636,0.09090909090909091,0.03636363636363636,0.0,0.7090909090909091,0.07272727272727272,0.01818181818181818,0.0,0.03636363636363636
other_relevant_information,0.10550458715596331,0.03211009174311927,0.18807339449541285,0.0045871559633027525,0.19724770642201836,0.3394495412844037,0.013761467889908258,0.05504587155963303,0.06422018348623854
requests_or_urgent_needs,0.0,0.0,0.0,0.0,0.14285714285714285,0.0,0.7142857142857143,0.07142857142857142,0.07142857142857142
rescue_volunteering_or_donation_effort,0.0015313935681470138,0.027565084226646247,0.013782542113323124,0.0,0.03215926493108729,0.0444104134762634,0.018376722817764167,0.8545176110260337,0.007656967840735069
sympathy_and_support,0.017699115044247787,0.017699115044247787,0.0,0.0,0.0,0.0,0.0,0.05309734513274336,0.911504424778761
