label,precision,recall,f1,support,error_rate
caution_and_advice,0.5365853658536586,0.5945945945945946,0.5641025641025641,74,0.6071428571428571
displaced_people_and_evacuations,0.8612099644128114,0.9097744360902256,0.8848263254113347,266,0.20655737704918034
infrastructure_and_utility_damage,0.7040358744394619,0.8920454545454546,0.786967418546366,176,0.3512396694214876
missing_or_found_people,0.0,0.0,0.0,0,1.0
not_humanitarian,0.3333333333333333,0.7090909090909091,0.45348837209302323,55,0.706766917293233
other_relevant_information,0.6115702479338843,0.3394495412844037,0.4365781710914455,218,0.720754716981132
requests_or_urgent_needs,0.35714285714285715,0.7142857142857143,0.4761904761904762,14,0.6875
rescue_volunteering_or_donation_effort,0.9538461538461539,0.8545176110260337,0.901453957996769,653,0.17941176470588235
sympathy_and_support,0.7923076923076923,0.911504424778761,0.8477366255144032,113,0.2642857142857143
